date,AUBANK.NS,AXISBANK.NS,BAJFINANCE.NS,BANDHANBNK.NS,BANKBARODA.NS,CANBK.NS,DCBBANK.NS,EQUITASBNK.NS,FEDERALBNK.NS,HDFCBANK.NS,ICICIBANK.NS,IDFCFIRSTB.NS,INDIANB.NS,INDUSINDBK.NS,KARURVYSYA.NS,KOTAKBANK.NS,PNB.NS,RBLBANK.NS,SBIN.NS,SHRIRAMFIN.NS,UJJIVANSFB.NS,UNIONBANK.NS,YESBANK.NS,^NSEBANK
2021-01-01,435.07,620.73,514.06,386.31,55.39,22.56,114.18,36.90,64.83,663.91,505.93,37.17,75.64,867.87,35.04,396.47,31.38,226.56,253.24,194.43,36.77,26.93,18.00,31225.49
2021-01-04,439.00,621.62,507.84,383.22,56.51,22.68,116.79,37.09,67.21,659.69,509.95,38.36,75.94,865.66,36.07,390.80,32.05,234.94,254.74,195.51,37.19,27.18,18.00,31212.09
2021-01-05,439.70,661.18,498.37,387.90,56.33,22.92,118.65,36.60,68.87,664.67,515.28,39.45,75.21,888.60,36.75,389.65,32.10,245.98,255.37,202.30,37.01,26.89,18.00,31721.88
2021-01-06,442.13,651.03,489.74,382.25,56.25,22.36,117.89,36.80,69.26,661.81,524.34,41.14,75.13,889.28,36.37,391.76,31.74,259.07,258.36,217.38,36.87,26.72,18.00,31797.53
2021-01-07,441.36,667.79,494.68,391.71,56.81,22.51,116.56,39.00,72.07,659.81,518.97,45.52,74.79,917.91,36.68,388.19,31.96,264.07,260.77,237.28,39.93,26.76,18.00,31955.63
2021-01-08,444.15,669.39,494.77,404.84,56.29,22.17,114.89,38.56,72.16,666.98,519.88,44.13,74.57,906.10,37.29,391.82,31.92,259.90,259.22,235.26,39.56,26.68,18.05,32083.83
2021-01-11,447.05,663.66,485.26,394.22,55.17,21.82,113.70,40.02,71.26,676.20,522.42,44.18,73.97,895.78,36.41,385.35,31.47,250.98,256.05,227.26,38.82,26.30,17.95,31998.53
2021-01-12,449.74,672.37,490.90,377.86,60.76,23.55,115.80,40.27,72.59,689.97,525.59,46.86,78.55,894.39,36.41,378.45,32.91,252.50,265.12,229.25,39.42,27.68,18.05,32338.62
2021-01-13,443.60,684.41,477.34,362.08,64.62,24.51,114.85,40.51,71.26,685.15,533.74,45.77,77.06,908.95,35.76,374.21,33.00,249.46,278.08,220.94,38.77,27.85,17.80,32574.27
2021-01-14,454.28,672.67,474.85,360.20,65.44,24.21,113.56,40.85,71.49,684.26,530.67,45.96,81.85,934.93,35.95,376.31,33.36,249.26,278.48,221.23,38.63,27.85,17.85,32519.37
2021-01-15,457.39,671.53,475.46,355.76,64.53,23.24,111.95,40.32,69.87,683.29,520.79,48.15,78.64,931.27,35.61,370.59,32.41,248.97,275.40,218.71,37.14,27.35,17.60,32246.43
2021-01-18,442.03,653.76,459.51,343.64,62.73,22.50,109.85,40.02,68.21,690.95,511.35,46.36,77.70,899.35,34.50,367.22,31.96,239.65,266.88,213.13,35.84,26.72,17.70,31811.38
2021-01-19,447.00,665.46,482.81,349.72,65.05,23.45,112.75,40.61,71.83,700.62,524.10,49.84,81.68,906.20,35.27,375.18,32.91,249.31,270.64,223.03,36.08,27.05,17.90,32424.47
2021-01-20,457.44,672.42,485.03,347.31,68.23,24.03,114.37,40.51,73.64,695.10,528.47,51.13,82.19,913.72,35.23,374.51,33.32,248.82,274.22,226.54,35.98,27.18,17.65,32543.32
2021-01-21,453.94,672.52,498.31,328.87,65.52,23.04,111.95,40.02,72.64,687.08,530.10,49.39,76.46,892.65,34.47,369.38,32.14,245.68,267.25,219.05,35.94,26.72,17.25,32186.53
2021-01-22,445.64,641.33,484.12,303.20,62.99,22.55,110.19,40.51,69.83,672.52,511.97,49.19,77.83,861.27,33.89,363.45,31.15,228.28,257.14,208.92,35.19,26.09,17.00,31166.89
2021-01-25,439.70,655.16,477.90,298.81,63.42,22.62,108.71,38.46,67.87,681.52,516.04,47.75,76.88,818.70,32.64,356.77,30.79,218.42,254.65,218.07,33.48,25.50,16.35,31198.04
2021-01-27,423.79,628.99,471.70,293.16,63.59,22.21,103.58,38.36,66.49,656.71,500.99,47.50,75.30,790.74,34.12,350.87,30.07,214.40,249.84,209.00,33.06,25.21,15.75,30284.20
2021-01-28,432.32,667.40,468.32,300.35,57.32,21.66,98.83,39.00,68.21,638.93,506.65,47.60,76.97,773.82,32.83,342.55,29.35,210.87,255.92,201.74,33.80,24.75,15.05,30357.95
2021-01-29,433.66,659.63,460.95,298.71,58.44,22.34,95.36,38.56,68.87,647.81,515.04,46.91,75.73,815.76,32.37,340.58,30.07,209.65,255.69,234.47,33.15,26.05,15.75,30565.14
2021-02-01,467.98,705.86,492.49,312.03,63.46,24.08,102.58,39.97,73.54,687.99,579.11,46.31,81.08,935.80,33.86,358.18,32.23,232.25,281.61,241.85,33.89,27.10,16.40,33088.67
2021-02-02,477.50,710.68,503.65,327.57,64.10,24.81,109.43,42.03,76.45,727.03,592.10,47.41,86.86,940.67,33.36,370.07,32.64,237.69,301.91,248.14,34.03,27.73,16.55,34267.50
2021-02-03,478.39,730.19,510.65,330.95,66.21,25.91,109.38,41.98,77.73,733.67,596.90,47.36,87.29,1010.95,33.51,368.26,34.58,251.56,304.50,266.05,34.31,28.23,16.25,34758.05
2021-02-04,479.61,740.24,535.94,334.81,70.46,27.45,110.52,42.66,81.50,735.67,602.60,48.75,101.67,995.14,37.10,379.83,36.52,252.30,321.86,257.95,33.20,28.98,16.20,35344.39
2021-02-05,488.03,716.06,539.22,318.11,70.85,27.23,109.81,43.98,79.26,744.29,589.03,48.00,109.38,988.34,40.45,394.21,36.20,246.22,356.30,251.37,33.89,29.19,16.90,35654.09
2021-02-08,513.11,732.52,535.24,319.17,69.52,26.82,108.24,46.13,78.92,747.86,603.85,48.85,110.40,997.98,44.45,389.13,34.26,242.59,359.88,257.74,33.62,28.52,17.05,35983.23
2021-02-09,528.52,738.84,525.76,316.90,68.87,26.35,103.06,45.15,79.02,750.93,607.45,49.69,107.92,989.02,42.78,387.54,35.21,241.56,357.84,256.58,33.29,28.31,16.65,36056.08
2021-02-10,546.24,731.18,533.12,319.70,68.44,27.19,103.48,44.47,78.92,736.91,606.30,50.24,105.01,986.12,41.52,388.12,35.57,238.33,355.53,259.30,32.92,28.23,16.40,35782.69
2021-02-11,559.61,736.45,542.00,321.10,66.29,26.71,106.81,45.25,79.45,732.53,604.86,52.23,105.91,985.26,43.20,389.90,34.94,239.06,353.62,261.69,32.73,27.98,16.50,35751.69
2021-02-12,546.38,746.70,543.01,325.79,67.28,26.59,104.58,45.64,79.21,737.00,621.11,51.78,105.52,990.56,42.01,387.92,34.98,236.76,356.34,261.14,32.83,27.85,16.40,36108.48
2021-02-15,542.56,790.09,562.71,328.15,68.31,27.52,109.00,46.43,81.16,753.15,646.39,53.77,107.66,1019.68,41.21,394.86,35.66,249.06,368.85,274.78,33.34,28.10,16.25,37305.82
2021-02-16,543.13,771.23,560.81,338.00,68.44,27.52,108.90,45.55,81.35,757.83,631.42,53.52,111.17,1020.30,41.82,401.56,35.61,253.48,364.68,268.32,33.38,29.03,16.05,37097.97
2021-02-17,545.79,773.92,555.44,336.16,72.31,28.14,109.57,46.47,82.59,739.12,630.47,56.05,122.26,996.15,43.04,395.55,37.60,248.23,373.20,265.04,33.15,31.96,15.90,36910.52
2021-02-18,564.03,773.17,541.64,333.65,82.14,28.51,110.52,48.92,82.64,724.12,618.29,57.74,128.34,1008.54,44.42,386.80,39.49,245.29,376.33,261.22,33.20,35.28,16.15,36586.57
2021-02-19,551.21,745.96,535.27,325.54,78.32,27.08,109.33,47.01,79.50,717.04,598.53,62.01,121.75,1027.68,46.44,385.47,37.91,241.46,362.14,255.03,32.59,33.97,15.95,35841.18
2021-02-22,534.23,715.91,523.48,315.55,76.90,26.19,106.10,45.20,76.16,721.19,584.91,61.12,116.44,986.22,47.85,387.63,37.01,231.90,353.03,246.96,31.57,33.01,15.60,35256.79
2021-02-23,555.90,712.42,524.15,314.01,74.58,26.97,106.15,46.23,77.40,712.40,591.09,61.02,118.07,1010.71,46.55,372.39,36.97,231.46,358.56,250.10,31.34,32.51,15.60,35116.54
2021-02-24,589.63,745.71,541.59,323.52,75.87,27.23,109.00,46.23,80.69,748.42,614.88,63.41,122.18,1031.63,47.20,379.99,37.69,241.76,368.22,250.19,31.76,34.31,16.10,36451.88
2021-02-25,579.88,766.85,538.38,330.32,77.24,27.68,111.99,46.43,82.16,748.39,602.32,64.30,122.39,1069.96,46.44,376.87,37.78,244.11,369.12,250.62,31.85,34.77,16.10,36548.57
2021-02-26,559.90,721.23,512.58,333.27,73.34,26.61,110.66,45.79,79.59,714.85,573.30,63.06,116.48,1024.84,45.48,353.98,36.83,231.02,353.62,232.95,31.15,34.06,15.75,34803.20
2021-03-01,570.81,724.96,512.76,326.65,71.58,26.53,110.38,48.33,79.11,726.26,583.47,63.06,117.72,1029.66,44.87,366.91,36.79,231.46,357.97,242.14,31.43,33.60,16.30,35295.59
2021-03-02,572.33,727.65,517.58,333.22,71.53,26.87,108.81,48.28,79.35,730.60,585.53,64.10,118.02,1034.86,45.14,366.76,36.97,232.15,357.29,245.22,31.11,32.55,16.30,35419.29
2021-03-03,596.88,750.24,539.64,342.58,73.51,28.07,109.00,48.58,83.93,739.29,606.25,66.69,119.35,1060.32,46.17,377.67,39.27,244.11,367.13,247.33,31.06,33.43,16.35,36367.63
2021-03-04,630.23,733.17,534.10,344.99,73.68,28.53,109.81,58.25,86.40,723.07,595.36,67.78,119.91,1052.80,45.94,377.31,39.31,244.50,358.61,243.19,33.34,33.01,16.60,35802.08
2021-03-05,626.60,727.15,530.10,334.33,69.26,27.02,108.62,62.06,83.21,712.80,584.52,66.39,119.09,1002.61,45.06,382.24,37.60,237.64,347.73,234.08,33.24,32.13,16.35,35227.74
2021-03-08,628.27,739.64,518.01,339.69,69.73,27.31,109.90,58.84,82.21,707.91,583.18,66.83,119.44,981.74,45.25,380.92,37.64,239.55,353.13,229.84,32.92,32.00,16.25,35275.34
2021-03-09,612.61,741.78,527.20,338.72,68.96,27.08,109.47,56.79,81.21,727.94,599.53,66.24,115.71,988.05,46.74,393.46,37.51,240.68,351.31,230.64,31.80,31.50,16.05,35865.23
2021-03-10,622.90,757.00,539.85,337.56,68.70,27.29,109.14,59.77,82.21,724.80,600.01,66.44,115.41,1002.56,46.55,390.48,37.42,237.20,351.40,238.84,32.18,31.75,16.05,35937.88
2021-03-12,624.00,746.90,541.10,337.08,66.42,26.58,109.76,58.06,81.21,723.03,587.79,66.54,112.59,985.98,47.08,384.76,37.01,238.38,345.42,240.66,31.90,31.58,15.90,35496.23
2021-03-15,590.74,740.73,529.53,327.62,67.71,26.80,108.76,57.71,79.78,712.17,578.82,64.85,108.61,1001.41,46.28,381.47,36.79,233.62,347.96,231.79,31.43,31.00,15.65,35182.14
2021-03-16,611.37,734.12,531.18,327.72,67.71,26.67,108.38,57.08,79.64,704.48,570.62,63.01,106.68,997.60,45.41,378.40,35.89,230.53,343.11,240.21,31.29,30.58,15.45,34804.20
2021-03-17,581.45,724.31,521.82,324.24,64.28,25.43,104.58,56.00,76.40,696.66,565.39,60.52,99.57,972.77,45.06,371.47,34.62,219.06,333.68,239.96,30.55,29.49,15.10,34228.85
2021-03-18,578.99,715.21,522.99,325.98,61.79,24.82,101.58,53.76,74.07,694.63,554.94,59.03,101.88,966.84,43.39,363.93,33.99,218.62,332.73,240.72,29.48,29.49,14.90,33856.41
2021-03-19,595.32,722.67,530.92,334.04,63.29,25.56,101.68,54.00,74.21,697.66,562.66,59.98,102.36,975.62,42.93,364.67,34.67,224.11,336.40,249.47,29.76,29.57,14.95,34161.20
2021-03-22,607.82,712.67,524.70,340.36,62.22,25.39,100.35,56.64,73.49,684.45,550.00,59.08,102.57,933.43,42.28,362.39,34.22,220.87,332.64,250.82,29.85,28.90,14.85,33603.06
2021-03-23,618.95,726.95,523.67,351.99,63.76,26.04,100.25,59.77,74.49,698.89,562.42,60.97,105.44,954.55,44.34,360.40,34.94,222.39,337.81,255.34,30.46,30.20,14.90,34184.00
2021-03-24,609.16,702.92,513.11,345.04,61.66,25.11,96.97,58.69,72.07,688.95,544.29,58.39,101.80,924.32,43.27,354.40,33.36,211.70,326.16,254.52,29.20,29.28,14.65,33292.86
2021-03-25,571.83,691.18,498.69,337.80,60.15,24.27,99.35,58.69,72.68,681.75,548.17,56.85,99.40,923.46,41.52,350.51,32.01,205.97,321.95,249.11,28.79,29.07,14.20,33006.07
2021-03-26,585.75,694.76,504.61,333.60,60.76,24.74,97.21,59.23,73.11,694.77,554.89,57.34,101.24,918.59,41.90,352.13,32.46,207.00,323.76,259.49,28.32,28.44,14.05,33317.81
2021-03-30,645.59,691.93,505.63,324.77,62.04,24.89,100.68,58.64,72.21,723.84,567.26,57.89,98.80,926.59,42.32,354.16,32.59,204.01,327.02,257.94,28.04,28.61,16.30,33874.71
2021-03-31,610.28,694.01,501.38,327.14,63.63,25.76,97.54,58.89,72.21,695.87,558.29,55.36,99.40,920.23,42.40,348.54,33.04,203.52,330.19,258.25,28.32,28.56,15.60,33303.51
2021-04-01,630.18,709.49,513.29,338.72,64.92,26.47,99.21,60.45,75.11,692.65,570.09,56.70,101.11,957.68,43.27,358.79,34.44,212.00,335.95,267.40,29.62,29.28,15.70,33857.61
2021-04-05,610.60,681.87,483.14,323.81,62.43,24.84,96.73,57.81,72.78,675.34,547.89,53.96,98.16,903.74,42.01,349.77,33.32,202.24,320.45,258.91,28.83,28.56,15.50,32678.47
2021-04-06,607.92,674.56,486.12,325.88,62.56,25.05,94.07,57.47,73.21,670.99,542.76,54.96,97.43,894.00,41.59,351.58,33.41,207.98,317.73,262.38,28.69,29.53,15.60,32500.97
2021-04-07,612.91,684.86,494.30,337.61,63.63,25.33,94.79,55.81,75.30,674.22,554.03,57.44,98.76,911.64,42.59,356.29,33.90,212.00,324.98,270.84,28.69,30.87,15.60,32990.82
2021-04-08,622.23,678.24,489.66,342.73,63.12,24.92,96.45,55.32,74.11,667.52,553.11,57.09,97.13,901.38,43.81,354.55,33.77,209.11,322.31,272.41,28.28,30.70,15.55,32782.47
2021-04-09,583.76,664.91,474.36,346.49,63.55,25.18,96.64,55.07,74.02,662.37,543.04,55.46,101.03,890.53,45.37,357.74,34.13,206.95,319.95,267.93,28.28,31.79,15.45,32447.67
2021-04-12,535.05,632.47,439.18,316.18,56.76,22.38,87.75,50.87,67.83,636.88,516.52,50.24,89.64,814.12,41.29,346.45,30.61,184.98,298.06,237.17,27.02,28.86,14.45,30791.64
2021-04-13,537.19,657.74,460.38,320.38,59.17,23.25,89.46,52.63,73.35,652.40,537.67,53.72,92.38,845.94,42.05,353.08,31.65,189.89,309.08,252.01,27.72,29.44,14.70,31771.23
2021-04-15,524.59,665.56,453.72,314.88,58.65,22.98,86.56,51.51,72.26,666.26,551.68,52.13,88.14,827.57,41.37,352.57,31.33,186.01,310.62,251.71,26.98,28.86,14.55,32112.48
